公众号,文章
携程技术,https://mp.weixin.qq.com/s/AEuenKF2kSXonEfKKvAxEw
京东零售,https://mp.weixin.qq.com/s/UKi5FdQQrMCwt6cKmejQsw
京东技术,https://mp.weixin.qq.com/s/qlRe5m0OZjPQbQIHIL0ZGg
百度Geek说,https://mp.weixin.qq.com/s/LxQ37UM5pE33GR0l4wNJ2A
小红书技术,https://mp.weixin.qq.com/s/B5qkgwGHdFY2QY7l4LLFGg
阿里技术,https://mp.weixin.qq.com/s/grrJJ3U_0tA9-Zf_ZUi3_w
蚂蚁技术,https://mp.weixin.qq.com/s/jlQOeLtiayJAh9zJb4Deow
阿里云开发,https://mp.weixin.qq.com/s/W4LzpMb3cIn0zVlW2oVung
字节跳动技术,https://mp.weixin.qq.com/s/wWdcTyhQu2TJm1K-e0uJtw
腾讯技术工程,https://mp.weixin.qq.com/s/Ol9J1ZWevHSjP2ZIyidK-g
阿里云,https://mp.weixin.qq.com/s/PAdsO7VqrHGH_tuQytzwlw
大淘宝技术,https://mp.weixin.qq.com/s/y_SuHyMOR58Ws1KBEP26_w
美团技术,https://mp.weixin.qq.com/s/WU_Pq_MTWiFkYc7Pc9SvWQ
转转技术,https://mp.weixin.qq.com/s/5YDkKwpJmN-WHxzSpxP-4A
哔哩哔哩技术,https://mp.weixin.qq.com/s/NBoIzxod3a2SE0ILFZz7Mw
亚马逊云科技,https://mp.weixin.qq.com/s/rDhe0zbg_jTpeggIbC6r_A
小米技术,https://mp.weixin.qq.com/s/51_xlyEijw8o4l1XR5c3_w
即刻技术,https://mp.weixin.qq.com/s/fCELffvpF09R9QHYJxeNwA
爱彼迎技术,https://mp.weixin.qq.com/s/oJFlmHHlFNL2xKelvRkk2A
得物技术,https://mp.weixin.qq.com/s/uK4WqlliE_fuMCz_GqAZqA
谷歌开发者,https://mp.weixin.qq.com/s/stz5hXDkL3q9wVSKkNbq4g
腾讯云开发者,https://mp.weixin.qq.com/s/LEvA024ByZrFVlxBS5PlRg
爱奇艺技术,https://mp.weixin.qq.com/s/1JN3RJv2lTxJIKimXTyavg
滴滴技术,https://mp.weixin.qq.com/s/rHIOFIKAD9AtKaZSnycptQ
快手技术,https://mp.weixin.qq.com/s/KcW9xusSrZzD4S3YKo8h3A
网易云音乐技术,https://mp.weixin.qq.com/s/FmTFYfMVPTKH-pqmwG1Avg
微软科技,https://mp.weixin.qq.com/s/AP4pPEMxE1VcyDV4hpSvEQ
Qunar技术沙龙,https://mp.weixin.qq.com/s/qEbvFBqgnHYVFLh1mJ9ytw
vivo互联网技术,https://mp.weixin.qq.com/s/pdk4n_O7_EW7ScwWmW072w
比尔盖茨,https://mp.weixin.qq.com/s/bV9OvwDRY3QoaDXa8Nvyrg
印记中文,https://mp.weixin.qq.com/s/ECHr-9MEQZwFd6Jn6UM_mw
ShowMeAI研究中心,https://mp.weixin.qq.com/s/-MEEo36ZxkZBalDBZ4DPnQ
Thoughtworks洞见,https://mp.weixin.qq.com/s/xJ1jqBlbBIxXUXJ1tSfizg
艾瑞咨询,https://mp.weixin.qq.com/s/ZXRhj38uA8e3swu-stUrLA
AIGCRank,https://mp.weixin.qq.com/s/8SOJiiJt_6uDjEG9NF8uiA
程序员头条,https://mp.weixin.qq.com/s/BPeqrusDbpqdrYKAgeQgfA
Gartner公司,https://mp.weixin.qq.com/s/8ziMlzvmgGCF0Kc1eZlY9Q
IT咖啡馆,https://mp.weixin.qq.com/s/rFIZGz7_f6fBXP4JtcklIA
麻省理工科技评论,https://mp.weixin.qq.com/s/XDnaGqM74dHyJHz_WLTYYA
36氪,https://mp.weixin.qq.com/s/g1ZkSyvE4lCj4MqBtVVZ3A
OSC开源社区,https://mp.weixin.qq.com/s/_PjlPfcnNHD9gfKOYDkhXQ